{
  "individual_models": {
    "RandomForest": {
      "auc": 0.628235294117647,
      "acc": 0.624561403508772
    },
    "XGBoost": {
      "auc": 0.6245268542199488,
      "acc": 0.6140350877192983
    },
    "HistGradientBoosting": {
      "auc": 0.6261381074168798,
      "acc": 0.631578947368421
    }
  },
  "weighted_voting": {
    "auc": 0.6297186700767263,
    "accuracy": 0.6385964912280702,
    "brier_score": 0.22884485135320126,
    "weights": [
      0.33436330225277344,
      0.3323895732661812,
      0.33324712448104543
    ]
  },
  "stacking": {
    "auc": 0.6318670076726343,
    "accuracy": 0.6140350877192983,
    "brier_score": 0.22837200164824006,
    "cv_auc_mean": 0.689798016700687,
    "cv_auc_std": 0.0068324657866730915
  },
  "best_model": "stacking",
  "best_auc": 0.6318670076726343
}