{
  "model_name": "XGBoost with Betting Lines",
  "calibration_method": "Sigmoid (CV=3)",
  "test_auc": 0.6768084575137665,
  "test_accuracy": 0.6463842733442546,
  "precision": 0.6554963983714375,
  "recall": 0.8358626198083067,
  "brier_score": 0.2204252232223542,
  "improvement_vs_baseline": {
    "auc": 0.0010495361181295237,
    "accuracy": 0.002808331383103213,
    "precision": 0.0007157104572689255,
    "recall": 0.007188498402555865
  },
  "betting_features": [
    "spread",
    "total",
    "home_ml",
    "visitor_ml",
    "home_win_prob_implied",
    "betting_edge_exists",
    "spread_category_encoded",
    "betting_close_game",
    "betting_blowout",
    "total_category_encoded",
    "betting_home_strength",
    "betting_confidence",
    "expected_home_pts",
    "expected_visitor_pts"
  ],
  "betting_feature_importance_pct": 3.307075798511505,
  "trained_on": "2025-11-11 11:05:34"
}