{
  "model_name": "XGBoost with REAL Vegas Lines",
  "real_vegas_coverage": "13,435 games",
  "test_auc": 0.6884885822029017,
  "test_accuracy": 0.6536391294172712,
  "precision": 0.666883963494133,
  "recall": 0.8170926517571885,
  "brier_score": 0.21704525331812305,
  "improvement_vs_synthetic": 1.1688582202901698,
  "betting_feature_importance_pct": 9.626184403896332,
  "trained_on": "2025-11-11 11:19:14"
}